{"time/iterations": 1, "rollout/ep_rew_mean": -129.016832375, "rollout/ep_len_mean": 122.375, "time/fps": 1908, "time/time_elapsed": 1, "time/total_timesteps": 2048}
{"train/learning_rate": 0.0003, "train/entropy_loss": -2.8372896522283555, "train/policy_gradient_loss": -0.002978278390946798, "train/value_loss": 1754.6407562255858, "train/approx_kl": 0.0036480631679296494, "train/clip_fraction": 0.014501953125, "train/loss": 1017.9476318359375, "train/explained_variance": 0.006795525550842285, "train/std": 0.9998061656951904, "train/n_updates": 10, "train/clip_range": 0.2, "time/iterations": 2, "rollout/ep_rew_mean": -127.74387649999998, "rollout/ep_len_mean": 120.26470588235294, "time/fps": 1453, "time/time_elapsed": 2, "time/total_timesteps": 4096}
{"train/learning_rate": 0.0003, "train/entropy_loss": -2.836556950211525, "train/policy_gradient_loss": -0.003841080946585862, "train/value_loss": 1858.9671785354615, "train/approx_kl": 0.004165187012404203, "train/clip_fraction": 0.021923828125, "train/loss": 331.67657470703125, "train/explained_variance": -0.011969566345214844, "train/std": 1.000719666481018, "train/n_updates": 20, "train/clip_range": 0.2, "time/iterations": 3, "rollout/ep_rew_mean": -125.24884284615383, "rollout/ep_len_mean": 117.6923076923077, "time/fps": 1333, "time/time_elapsed": 4, "time/total_timesteps": 6144}
{"train/learning_rate": 0.0003, "train/entropy_loss": -2.824578821659088, "train/policy_gradient_loss": -0.0024400537098699716, "train/value_loss": 1404.137559223175, "train/approx_kl": 0.002732374705374241, "train/clip_fraction": 0.010595703125, "train/loss": 506.21240234375, "train/explained_variance": -0.0009868144989013672, "train/std": 0.98790043592453, "train/n_updates": 30, "train/clip_range": 0.2, "time/iterations": 1, "rollout/ep_rew_mean": -160.83098922222223, "rollout/ep_len_mean": 113.77777777777777, "time/fps": 1745, "time/time_elapsed": 1, "time/total_timesteps": 2048}
{"train/learning_rate": 0.0003, "train/entropy_loss": -2.8163874931633472, "train/policy_gradient_loss": -0.00396821123213158, "train/value_loss": 1304.2411299705504, "train/approx_kl": 0.003508739173412323, "train/clip_fraction": 0.030126953125, "train/loss": 759.5236206054688, "train/explained_variance": 0.0007494688034057617, "train/std": 0.989564061164856, "train/n_updates": 40, "train/clip_range": 0.2, "time/iterations": 2, "rollout/ep_rew_mean": -164.42328484375, "rollout/ep_len_mean": 127.34375, "time/fps": 1327, "time/time_elapsed": 3, "time/total_timesteps": 4096}
{"train/learning_rate": 0.0003, "train/entropy_loss": -2.817833574861288, "train/policy_gradient_loss": -0.010552133338933345, "train/value_loss": 579.1561081886291, "train/approx_kl": 0.007036660797894001, "train/clip_fraction": 0.087060546875, "train/loss": 406.5756530761719, "train/explained_variance": -0.0384141206741333, "train/std": 0.993376612663269, "train/n_updates": 50, "train/clip_range": 0.2, "time/iterations": 3, "rollout/ep_rew_mean": -156.37372918367348, "rollout/ep_len_mean": 124.57142857142857, "time/fps": 1285, "time/time_elapsed": 4, "time/total_timesteps": 6144}
