{"time/iterations": 1, "rollout/ep_rew_mean": -198.21878847619047, "rollout/ep_len_mean": 95.85714285714286, "time/fps": 2671, "time/time_elapsed": 0, "time/total_timesteps": 2048}
{"train/learning_rate": 0.0003, "train/entropy_loss": -1.3841869425028563, "train/policy_gradient_loss": -0.00588434536693967, "train/value_loss": 1849.346079826355, "train/approx_kl": 0.005368325859308243, "train/clip_fraction": 0.002978515625, "train/loss": 329.32080078125, "train/explained_variance": -0.009302377700805664, "train/n_updates": 10, "train/clip_range": 0.2, "time/iterations": 2, "rollout/ep_rew_mean": -174.75187839024392, "rollout/ep_len_mean": 98.29268292682927, "time/fps": 1921, "time/time_elapsed": 2, "time/total_timesteps": 4096}
{"train/learning_rate": 0.0003, "train/entropy_loss": -1.3741762153804302, "train/policy_gradient_loss": -0.006396284104994265, "train/value_loss": 880.116582775116, "train/approx_kl": 0.006372414994984865, "train/clip_fraction": 0.0248046875, "train/loss": 324.49578857421875, "train/explained_variance": -0.021391630172729492, "train/n_updates": 20, "train/clip_range": 0.2, "time/iterations": 3, "rollout/ep_rew_mean": -168.01480429032264, "rollout/ep_len_mean": 98.90322580645162, "time/fps": 1777, "time/time_elapsed": 3, "time/total_timesteps": 6144}
{"train/learning_rate": 0.0003, "train/entropy_loss": -1.367551762610674, "train/policy_gradient_loss": -0.0054957868414931, "train/value_loss": 749.1701892852783, "train/approx_kl": 0.0044235484674572945, "train/clip_fraction": 0.012890625, "train/loss": 146.98170471191406, "train/explained_variance": -0.008268117904663086, "train/n_updates": 30, "train/clip_range": 0.2, "time/iterations": 4, "rollout/ep_rew_mean": -157.2197488674699, "rollout/ep_len_mean": 98.28915662650603, "time/fps": 1724, "time/time_elapsed": 4, "time/total_timesteps": 8192}
{"train/learning_rate": 0.0003, "train/entropy_loss": -1.3453961212188006, "train/policy_gradient_loss": -0.007209384125599172, "train/value_loss": 594.3603687763214, "train/approx_kl": 0.009863901883363724, "train/clip_fraction": 0.061279296875, "train/loss": 305.8279724121094, "train/explained_variance": -0.0025213956832885742, "train/n_updates": 40, "train/clip_range": 0.2, "time/iterations": 5, "rollout/ep_rew_mean": -154.07470587, "rollout/ep_len_mean": 99.38, "time/fps": 1688, "time/time_elapsed": 6, "time/total_timesteps": 10240}
{"train/learning_rate": 0.0003, "train/entropy_loss": -1.3392429884523154, "train/policy_gradient_loss": -0.010311311085388297, "train/value_loss": 643.5008657455444, "train/approx_kl": 0.011038132011890411, "train/clip_fraction": 0.109619140625, "train/loss": 376.5260314941406, "train/explained_variance": -0.012169957160949707, "train/n_updates": 50, "train/clip_range": 0.2, "time/iterations": 1, "rollout/ep_rew_mean": 0.0, "rollout/ep_len_mean": 107.72222222222223, "time/fps": 2354, "time/time_elapsed": 0, "time/total_timesteps": 2048}
{"train/learning_rate": 0.0003, "train/entropy_loss": -1.3267575897276402, "train/policy_gradient_loss": -0.005246742075541988, "train/value_loss": 132.661363697052, "train/approx_kl": 0.011263260617852211, "train/clip_fraction": 0.07783203125, "train/loss": 49.20262908935547, "train/explained_variance": 0.005779623985290527, "train/n_updates": 60, "train/clip_range": 0.2, "time/iterations": 2, "rollout/ep_rew_mean": 0.0, "rollout/ep_len_mean": 107.94594594594595, "time/fps": 1772, "time/time_elapsed": 2, "time/total_timesteps": 4096}
{"train/learning_rate": 0.0003, "train/entropy_loss": -1.3095361456274985, "train/policy_gradient_loss": -0.005905874757445417, "train/value_loss": 77.95865953862668, "train/approx_kl": 0.00565867917612195, "train/clip_fraction": 0.03994140625, "train/loss": 5.044721603393555, "train/explained_variance": 0.1287093162536621, "train/n_updates": 70, "train/clip_range": 0.2, "time/iterations": 3, "rollout/ep_rew_mean": 0.0, "rollout/ep_len_mean": 105.8103448275862, "time/fps": 1638, "time/time_elapsed": 3, "time/total_timesteps": 6144}
{"train/learning_rate": 0.0003, "train/entropy_loss": -1.293148034438491, "train/policy_gradient_loss": -0.007072595547651872, "train/value_loss": 6.844649478513747, "train/approx_kl": 0.013138232752680779, "train/clip_fraction": 0.13310546875, "train/loss": 0.9066380262374878, "train/explained_variance": 0.7093712091445923, "train/n_updates": 80, "train/clip_range": 0.2, "time/iterations": 4, "rollout/ep_rew_mean": 0.0, "rollout/ep_len_mean": 102.0875, "time/fps": 1582, "time/time_elapsed": 5, "time/total_timesteps": 8192}
{"train/learning_rate": 0.0003, "train/entropy_loss": -1.2595128003507852, "train/policy_gradient_loss": -0.007835673595400295, "train/value_loss": 2.6205595125211403, "train/approx_kl": 0.013160238042473793, "train/clip_fraction": 0.147802734375, "train/loss": 0.17018049955368042, "train/explained_variance": 0.8890871629118919, "train/n_updates": 90, "train/clip_range": 0.2, "time/iterations": 5, "rollout/ep_rew_mean": 0.0, "rollout/ep_len_mean": 97.0, "time/fps": 1552, "time/time_elapsed": 6, "time/total_timesteps": 10240}
{"train/learning_rate": 0.0003, "train/entropy_loss": -1.1982990998774767, "train/policy_gradient_loss": -0.008185989345656708, "train/value_loss": 0.9803735197172501, "train/approx_kl": 0.012432461604475975, "train/clip_fraction": 0.121484375, "train/loss": 0.028938699513673782, "train/explained_variance": 0.7541662156581879, "train/n_updates": 100, "train/clip_range": 0.2, "time/iterations": 6, "rollout/ep_rew_mean": 0.0, "rollout/ep_len_mean": 94.86, "time/fps": 1526, "time/time_elapsed": 8, "time/total_timesteps": 12288}
{"train/learning_rate": 0.0003, "train/entropy_loss": -1.2153777960687875, "train/policy_gradient_loss": -0.010115402020892362, "train/value_loss": 0.5326507529825903, "train/approx_kl": 0.01763894595205784, "train/clip_fraction": 0.20908203125, "train/loss": 0.04067163169384003, "train/explained_variance": 0.6220369935035706, "train/n_updates": 110, "train/clip_range": 0.2, "time/iterations": 7, "rollout/ep_rew_mean": 0.0, "rollout/ep_len_mean": 87.37, "time/fps": 1513, "time/time_elapsed": 9, "time/total_timesteps": 14336}
{"train/learning_rate": 0.0003, "train/entropy_loss": -1.1659474343061447, "train/policy_gradient_loss": -0.0066835202567745, "train/value_loss": 0.16341491794009927, "train/approx_kl": 0.016262149438261986, "train/clip_fraction": 0.13349609375, "train/loss": -0.009953833185136318, "train/explained_variance": 0.21703416109085083, "train/n_updates": 120, "train/clip_range": 0.2, "time/iterations": 8, "rollout/ep_rew_mean": 0.0, "rollout/ep_len_mean": 82.08, "time/fps": 1505, "time/time_elapsed": 10, "time/total_timesteps": 16384}
{"train/learning_rate": 0.0003, "train/entropy_loss": -1.1015681568533182, "train/policy_gradient_loss": -0.010773723064630758, "train/value_loss": 0.04893228370565339, "train/approx_kl": 0.015109783038496971, "train/clip_fraction": 0.145556640625, "train/loss": 0.0192851759493351, "train/explained_variance": -0.3902137279510498, "train/n_updates": 130, "train/clip_range": 0.2, "time/iterations": 9, "rollout/ep_rew_mean": 0.0, "rollout/ep_len_mean": 77.54, "time/fps": 1499, "time/time_elapsed": 12, "time/total_timesteps": 18432}
{"train/learning_rate": 0.0003, "train/entropy_loss": -1.0021402779966593, "train/policy_gradient_loss": -0.005444037111010403, "train/value_loss": 0.008707090697498643, "train/approx_kl": 0.013248691335320473, "train/clip_fraction": 0.1171875, "train/loss": 0.011062934063374996, "train/explained_variance": -1.409682273864746, "train/n_updates": 140, "train/clip_range": 0.2, "time/iterations": 10, "rollout/ep_rew_mean": 0.0, "rollout/ep_len_mean": 74.77, "time/fps": 1494, "time/time_elapsed": 13, "time/total_timesteps": 20480}
{"train/learning_rate": 0.0003, "train/entropy_loss": -1.0362958988174795, "train/policy_gradient_loss": -0.0009975337568903341, "train/value_loss": 0.0023581981627103232, "train/approx_kl": 0.005449589341878891, "train/clip_fraction": 0.02880859375,