{"time/iterations": 1, "rollout/ep_rew_mean": -192.11627104761905, "rollout/ep_len_mean": 96.95238095238095, "time/fps": 2672, "time/time_elapsed": 0, "time/total_timesteps": 2048}
{"train/learning_rate": 0.0003, "train/entropy_loss": -1.3842597857117653, "train/policy_gradient_loss": -0.006894915334123652, "train/value_loss": 1739.001852607727, "train/approx_kl": 0.004095821175724268, "train/clip_fraction": 0.0134765625, "train/loss": 570.3096313476562, "train/explained_variance": 0.0005767941474914551, "train/n_updates": 10, "train/clip_range": 0.2, "time/iterations": 2, "rollout/ep_rew_mean": -182.92789241463416, "rollout/ep_len_mean": 99.3170731707317, "time/fps": 1918, "time/time_elapsed": 2, "time/total_timesteps": 4096}
{"train/learning_rate": 0.0003, "train/entropy_loss": -1.373497184738517, "train/policy_gradient_loss": -0.014245402721280697, "train/value_loss": 1300.143837928772, "train/approx_kl": 0.0125922542065382, "train/clip_fraction": 0.0826171875, "train/loss": 419.7605895996094, "train/explained_variance": -0.042160868644714355, "train/n_updates": 20, "train/clip_range": 0.2, "time/iterations": 3, "rollout/ep_rew_mean": -176.56074191803282, "rollout/ep_len_mean": 99.52459016393442, "time/fps": 1780, "time/time_elapsed": 3, "time/total_timesteps": 6144}
{"train/learning_rate": 0.0003, "train/entropy_loss": -1.3586055893450975, "train/policy_gradient_loss": -0.010400433428731048, "train/value_loss": 1045.0905910015106, "train/approx_kl": 0.009779514744877815, "train/clip_fraction": 0.0474609375, "train/loss": 789.1087646484375, "train/explained_variance": -0.023051023483276367, "train/n_updates": 30, "train/clip_range": 0.2, "time/iterations": 4, "rollout/ep_rew_mean": -163.84793757831326, "rollout/ep_len_mean": 98.36144578313252, "time/fps": 1718, "time/time_elapsed": 4, "time/total_timesteps": 8192}
{"train/learning_rate": 0.0003, "train/entropy_loss": -1.3485942907631396, "train/policy_gradient_loss": -0.008375046247965656, "train/value_loss": 574.8877385616303, "train/approx_kl": 0.007111212704330683, "train/clip_fraction": 0.055615234375, "train/loss": 265.91217041015625, "train/explained_variance": -0.0005263090133666992, "train/n_updates": 40, "train/clip_range": 0.2, "time/iterations": 5, "rollout/ep_rew_mean": -149.82960388999996, "rollout/ep_len_mean": 98.05, "time/fps": 1680, "time/time_elapsed": 6, "time/total_timesteps": 10240}
{"train/learning_rate": 0.0003, "train/entropy_loss": -1.342015590518713, "train/policy_gradient_loss": -0.009083134890533983, "train/value_loss": 345.97728366851806, "train/approx_kl": 0.010561126284301281, "train/clip_fraction": 0.11044921875, "train/loss": 156.86090087890625, "train/explained_variance": -0.00019681453704833984, "train/n_updates": 50, "train/clip_range": 0.2, "time/iterations": 1, "rollout/ep_rew_mean": -100.02897924999999, "rollout/ep_len_mean": 101.4, "time/fps": 2362, "time/time_elapsed": 0, "time/total_timesteps": 2048}
{"train/learning_rate": 0.0003, "train/entropy_loss": -1.3451781418174504, "train/policy_gradient_loss": -0.006262220496137161, "train/value_loss": 283.9596688270569, "train/approx_kl": 0.010257402434945107, "train/clip_fraction": 0.07333984375, "train/loss": 89.27433776855469, "train/explained_variance": -0.0017992258071899414, "train/n_updates": 60, "train/clip_range": 0.2, "time/iterations": 2, "rollout/ep_rew_mean": -105.25486115384615, "rollout/ep_len_mean": 99.56410256410257, "time/fps": 1761, "time/time_elapsed": 2, "time/total_timesteps": 4096}
{"train/learning_rate": 0.0003, "train/entropy_loss": -1.3327719628810883, "train/policy_gradient_loss": -0.001820307903108187, "train/value_loss": 188.17068920135497, "train/approx_kl": 0.0023605115711688995, "train/clip_fraction": 0.0, "train/loss": 54.91695022583008, "train/explained_variance": 0.1833438277244568, "train/n_updates": 70, "train/clip_range": 0.2, "time/iterations": 3, "rollout/ep_rew_mean": -105.25486115384615, "rollout/ep_len_mean": 99.56410256410257, "time/fps": 846, "time/time_elapsed": 7, "time/total_timesteps": 6144}
{"train/learning_rate": 0.0003, "train/entropy_loss": -1.3063352666795254, "train/policy_gradient_loss": -0.004760358440398705, "train/value_loss": 1.482997565669939, "train/approx_kl": 0.012826258316636086, "train/clip_fraction": 0.084765625, "train/loss": 0.2644270360469818, "train/explained_variance": -8.235127449035645, "train/n_updates": 80, "train/clip_range": 0.2, "time/iterations": 4, "rollout/ep_rew_mean": -105.25486115384615, "rollout/ep_len_mean": 99.56410256410257, "time/fps": 557, "time/time_elapsed": 14, "time/total_timesteps": 8192}
{"train/learning_rate": 0.0003, "train/entropy_loss": -1.2834041133522986, "train/policy_gradient_loss": -0.026371632600785233, "train/value_loss": 1.8621006801957265, "train/approx_kl": 0.013953438960015774, "train/clip_fraction": 0.229296875, "train/loss": 0.03863293677568436, "train/explained_variance": -0.30320000648498535, "train/n_updates": 90, "train/clip_range": 0.2, "time/iterations": 5, "rollout/ep_rew_mean": -105.25486115384615, "rollout/ep_len_mean": 99.56410256410257, "time/fps": 426, "time/time_elapsed": 24, "time/total_timesteps": 10240}
{"train/learning_rate": 0.0003, "train/entropy_loss": -1.2613272931426764, "train/policy_gradient_loss": -0.02387943093563081, "train/value_loss": 1.4948813157505356, "train/approx_kl": 0.01956988498568535, "train/clip_fraction": 0.196484375, "train/loss": 0.011955223977565765, "train/explained_variance": -0.02736520767211914, "train/n_updates": 100, "train/clip_range": 0.2, "time/iterations": 6, "rollout/ep_rew_mean": -105.25486115384615, "rollout/ep_len_mean": 99.56410256410257, "time/fps": 348, "time/time_elapsed": 35, "time/total_timesteps": 12288}
{"train/learning_rate": 0.0003, "train/entropy_loss": -1.1710634909570217, "train/policy_gradient_loss": -0.022918340157048078, "train/value_loss": 1.0475024365237915, "train/approx_kl": 0.037318527698516846, "train/clip_fraction": 0.16728515625, "train/loss": 0.0047897957265377045, "train/explained_variance": -0.02347731590270996, "train/n_updates": 110, "train/clip_range": 0.2, "time/iterations": 7, "rollout/ep_rew_mean": -117.39876464912281, "rollout/ep_len_mean": 249.3684210526316, "time/fps": 381, "time/time_elapsed": 37, "time/total_timesteps": 14336}
{"train/learning_rate": 0.0003, "train/entropy_loss": -1.308498489484191, "train/policy_gradient_loss": -0.001111999630666105, "train/value_loss": 216.2766726255417, "train/approx_kl": 0.002889910014346242, "train/clip_fraction": 4.8828125e-05, "train/loss": 43.5331916809082, "train/explained_variance": 0.0863463282585144, "train/n_updates": 120, "train/clip_range": 0.2, "time/iterations": 8, "rollout/ep_rew_mean": -115.89196822368424, "rollout/ep_len_mean": 215.21052631578948, "time/fps": 419, "time/time_elapsed": 39, "time/total_timesteps": 16384}
{"train/learning_rate": 0.0003, "train/entropy_loss": -1.3055559176951648, "train/policy_gradient_loss": -0.0014440141007071362, "train/value_loss": 132.58365819454193, "train/approx_kl": 0.00678339134901762, "train/clip_fraction": 0.0052734375, "train/loss": 38.835182189941406, "train/explained_variance": 0.6815934777259827, "train/n_updates": 130, "train/clip_range": 0.2, "time/iterations": 9, "rollout/ep_rew_mean": -115.26472672043015, "rollout/ep_len_mean": 196.8279569892473, "time/fps": 455, "time/time_elapsed": 40, "time/total_timesteps": 18432}
{"train/learning_rate": 0.0003, "train/entropy_loss": -1.2860484894365072, "train/policy_gradient_loss": -0.006146546031959588, "train/value_loss": 73.78098031282425, "train/approx_kl": 0.011522158980369568, "train/clip_fraction": 0.07373046875, "train/loss": 30.536178588867188, "train/explained_variance": 0.8115260750055313, "train/n_updates": 140, "train/clip_range": 0.2, "time/iterations": 10, "rollout/ep_rew_mean": -117.63500000000002, "rollout/ep_len_mean": 192.59, "time/fps": 488, "time/time_elapsed": 41, "time/total_timesteps": 20480}
{"train/learning_rate": 0.0003,