{"time/iterations": 1, "rollout/ep_rew_mean": -165.38542520833334, "rollout/ep_len_mean": 81.83333333333333, "time/fps": 2521, "time/time_elapsed": 0, "time/total_timesteps": 2048}
{"train/learning_rate": 0.0003, "train/entropy_loss": -1.3834630269557238, "train/policy_gradient_loss": -0.0045067731523886325, "train/value_loss": 1476.9033082962037, "train/approx_kl": 0.005262094549834728, "train/clip_fraction": 0.018701171875, "train/loss": 496.5841979980469, "train/explained_variance": -0.001888871192932129, "train/n_updates": 10, "train/clip_range": 0.2, "time/iterations": 1, "rollout/ep_rew_mean": -98.747023, "rollout/ep_len_mean": 85.73913043478261, "time/fps": 2368, "time/time_elapsed": 0, "time/total_timesteps": 2048}
