{"time/iterations": 1, "rollout/ep_rew_mean": -175.3604726190476, "rollout/ep_len_mean": 94.76190476190476, "time/fps": 2780, "time/time_elapsed": 0, "time/total_timesteps": 2048}
{"train/learning_rate": 0.0003, "train/entropy_loss": -1.383665693923831, "train/policy_gradient_loss": -0.007056359546550084, "train/value_loss": 1325.7958826065064, "train/approx_kl": 0.0050010038539767265, "train/clip_fraction": 0.01953125, "train/loss": 576.5006713867188, "train/explained_variance": 0.0011195540428161621, "train/n_updates": 10, "train/clip_range": 0.2, "time/iterations": 1, "rollout/ep_rew_mean": -189.62698985000003, "rollout/ep_len_mean": 96.95, "time/fps": 2374, "time/time_elapsed": 0, "time/total_timesteps": 2048}
