{"time/iterations": 1, "rollout/ep_rew_mean": -144.240876, "rollout/ep_len_mean": 103.63157894736842, "time/fps": 1902, "time/time_elapsed": 1, "time/total_timesteps": 2048}
{"train/learning_rate": 0.0003, "train/entropy_loss": -2.8304087318480016, "train/policy_gradient_loss": -0.006015936026233249, "train/value_loss": 2935.7192714691164, "train/approx_kl": 0.005918108858168125, "train/clip_fraction": 0.052001953125, "train/loss": 1460.76904296875, "train/explained_variance": 0.0004413127899169922, "train/std": 0.9935749769210815, "train/n_updates": 10, "train/clip_range": 0.2, "time/iterations": 1, "rollout/ep_rew_mean": -125.64040544444447, "rollout/ep_len_mean": 113.33333333333333, "time/fps": 1863, "time/time_elapsed": 1, "time/total_timesteps": 2048}
